Workbook

Sheet Dashboard
A3: SALES PERFORMANCE DASHBOARD
A4: January - September 2026
A6: TOTAL SALES | C6: JUMLAH TRANSAKSI | F6: JUMLAH PRODUK TERJUAL | I6: RATA-RATA TRANSAKSI
A7: =SUM('Raw Data'!J:J) -> 1493559750 | C7: =COUNTA('Raw Data'!A2:A101) -> 100 | F7: =SUM('Raw Data'!G2:G101) -> 438 | I7: =AVERAGE('Raw Data'!J2:J101) -> 14935598
E40: Nama Barang | F40: Total Penjualan | G40: Ranking
E41: Monitor | F41: =VLOOKUP(E41,Table3[],8,0) -> 227427000 | G41: =RANK(F41,$F$41:$F$45,0) -> 3
E42: Tablet | F42: =VLOOKUP(E42,Table3[],8,0) -> 381780500 | G42: =RANK(F42,$F$41:$F$45,0) -> 2
E43: Accessories | F43: =VLOOKUP(E43,Table3[],8,0) -> 31630500 | G43: =RANK(F43,$F$41:$F$45,0) -> 5
E44: Printer | F44: =VLOOKUP(E44,Table3[],8,0) -> 212148000 | G44: =RANK(F44,$F$41:$F$45,0) -> 4
E45: Laptop | F45: =VLOOKUP(E45,Table3[],8,0) -> 640573750 | G45: =RANK(F45,$F$41:$F$45,0) -> 1

Sheet Master
A1: Kategori | C1: Nama Sales | E1: Kota | G1: NO | H1: Bulan
A2: Accessories | C2: Andi | E2: Bandung | G2: 1 | H2: Januari
A3: Laptop | C3: Budi | E3: Bekasi | G3: 2 | H3: Februari
A4: Monitor | C4: Citra | E4: Bogor | G4: 3 | H4: Maret
A5: Printer | C5: Deni | E5: Depok | G5: 4 | H5: April
A6: Tablet | C6: Eka | E6: Jakarta | G6: 5 | H6: Mei
C7: Fajar | E7: Tangerang | G7: 6 | H7: Juni
G8: 7 | H8: Juli
G9: 8 | H9: Agustus
G10: 9 | H10: September
G11: 10 | H11: Oktober
G12: 11 | H12: November
G13: 12 | H13: Desember

Sheet Calculation
A2: Kategori Produk | B2: Bandung | C2: Bekasi | D2: Bogor | E2: Depok | F2: Jakarta | G2: Tangerang | I2: Nama Barang | J2: Qty Penjualan Tertinggi | K2: Kota dengan penjualan Tertinggi | L2: Qty Penjualan Terendah | M2: Kota dengan Penjualan Terendah
A3: Monitor | B3: =SUMIFS('Raw Data'!$G:$G,'Raw Data'!$E:$E,Table2[Kategori Produk],'Raw Data'!$F:$F,Table2[[#Headers],[Bandung]]) -> 0 | C3: =SUMIFS('Raw Data'!$G:$G,'Raw Data'!$E:$E,Table2[Kategori Produk],'Raw Data'!$F:$F,Table2[[#Headers],[Bekasi]]) -> 43 | D3: =SUMIFS('Raw Data'!$G:$G,'Raw Data'!$E:$E,Table2[Kategori Produk],'Raw Data'!$F:$F,Table2[[#Headers],[Bogor]]) -> 12 | E3: =SUMIFS('Raw Data'!$G:$G,'Raw Data'!$E:$E,Table2[Kategori Produk],'Raw Data'!$F:$F,Table2[[#Headers],[Depok]]) -> 7 | F3: =SUMIFS('Raw Data'!$G:$G,'Raw Data'!$E:$E,Table2[Kategori Produk],'Raw Data'!$F:$F,Table2[[#Headers],[Jakarta]]) -> 22 | G3: =SUMIFS('Raw Data'!$G:$G,'Raw Data'!$E:$E,Table2[Kategori Produk],'Raw Data'!$F:$F,Table2[[#Headers],[Tangerang]]) -> 11 | I3: Monitor | J3: =MAX(Table2[[#This Row],[Bandung]:[Tangerang]]) -> 43 | K3: =INDEX(Table2[[#Headers],[Bandung]:[Tangerang]],MATCH(J3,Table2[[#This Row],[Bandung]:[Tangerang]],0)) -> Bekasi | L3: =MIN(Table2[[#This Row],[Bandung]:[Tangerang]]) -> 0 | M3: =INDEX(Table2[[#Headers],[Bandung]:[Tangerang]],MATCH(L3,Table2[[#This Row],[Bandung]:[Tangerang]],0)) -> Bandung
A4: Tablet | B4: =SUMIFS('Raw Data'!$G:$G,'Raw Data'!$E:$E,Table2[Kategori Produk],'Raw Data'!$F:$F,Table2[[#Headers],[Bandung]]) -> 25 | C4: =SUMIFS('Raw Data'!$G:$G,'Raw Data'!$E:$E,Table2[Kategori Produk],'Raw Data'!$F:$F,Table2[[#Headers],[Bekasi]]) -> 17 | D4: =SUMIFS('Raw Data'!$G:$G,'Raw Data'!$E:$E,Table2[Kategori Produk],'Raw Data'!$F:$F,Table2[[#Headers],[Bogor]]) -> 11 | E4: =SUMIFS('Raw Data'!$G:$G,'Raw Data'!$E:$E,Table2[Kategori Produk],'Raw Data'!$F:$F,Table2[[#Headers],[Depok]]) -> 6 | F4: =SUMIFS('Raw Data'!$G:$G,'Raw Data'!$E:$E,Table2[Kategori Produk],'Raw Data'!$F:$F,Table2[[#Headers],[Jakarta]]) -> 14 | G4: =SUMIFS('Raw Data'!$G:$G,'Raw Data'!$E:$E,Table2[Kategori Produk],'Raw Data'!$F:$F,Table2[[#Headers],[Tangerang]]) -> 7 | I4: Tablet | J4: =MAX(Table2[[#This Row],[Bandung]:[Tangerang]]) -> 25 | K4: =INDEX(Table2[[#Headers],[Bandung]:[Tangerang]],MATCH(J4,Table2[[#This Row],[Bandung]:[Tangerang]],0)) -> Bandung | L4: =MIN(Table2[[#This Row],[Bandung]:[Tangerang]]) -> 6 | M4: =INDEX(Table2[[#Headers],[Bandung]:[Tangerang]],MATCH(L4,Table2[[#This Row],[Bandung]:[Tangerang]],0)) -> Depok
A5: Accessories | B5: =SUMIFS('Raw Data'!$G:$G,'Raw Data'!$E:$E,Table2[Kategori Produk],'Raw Data'!$F:$F,Table2[[#Headers],[Bandung]]) -> 13 | C5: =SUMIFS('Raw Data'!$G:$G,'Raw Data'!$E:$E,Table2[Kategori Produk],'Raw Data'!$F:$F,Table2[[#Headers],[Bekasi]]) -> 29 | D5: =SUMIFS('Raw Data'!$G:$G,'Raw Data'!$E:$E,Table2[Kategori Produk],'Raw Data'!$F:$F,Table2[[#Headers],[Bogor]]) -> 7 | E5: =SUMIFS('Raw Data'!$G:$G,'Raw Data'!$E:$E,Table2[Kategori Produk],'Raw Data'!$F:$F,Table2[[#Headers],[Depok]]) -> 18 | F5: =SUMIFS('Raw Data'!$G:$G,'Raw Data'!$E:$E,Table2[Kategori Produk],'Raw Data'!$F:$F,Table2[[#Headers],[Jakarta]]) -> 12 | G5: =SUMIFS('Raw Data'!$G:$G,'Raw Data'!$E:$E,Table2[Kategori Produk],'Raw Data'!$F:$F,Table2[[#Headers],[Tangerang]]) -> 20 | I5: Accessories | J5: =MAX(Table2[[#This Row],[Bandung]:[Tangerang]]) -> 29 | K5: =INDEX(Table2[[#Headers],[Bandung]:[Tangerang]],MATCH(J5,Table2[[#This Row],[Bandung]:[Tangerang]],0)) -> Bekasi | L5: =MIN(Table2[[#This Row],[Bandung]:[Tangerang]]) -> 7 | M5: =INDEX(Table2[[#Headers],[Bandung]:[Tangerang]],MATCH(L5,Table2[[#This Row],[Bandung]:[Tangerang]],0)) -> Bogor
A6: Printer | B6: =SUMIFS('Raw Data'!$G:$G,'Raw Data'!$E:$E,Table2[Kategori Produk],'Raw Data'!$F:$F,Table2[[#Headers],[Bandung]]) -> 4 | C6: =SUMIFS('Raw Data'!$G:$G,'Raw Data'!$E:$E,Table2[Kategori Produk],'Raw Data'!$F:$F,Table2[[#Headers],[Bekasi]]) -> 17 | D6: =SUMIFS('Raw Data'!$G:$G,'Raw Data'!$E:$E,Table2[Kategori Produk],'Raw Data'!$F:$F,Table2[[#Headers],[Bogor]]) -> 13 | E6: =SUMIFS('Raw Data'!$G:$G,'Raw Data'!$E:$E,Table2[Kategori Produk],'Raw Data'!$F:$F,Table2[[#Headers],[Depok]]) -> 14 | F6: =SUMIFS('Raw Data'!$G:$G,'Raw Data'!$E:$E,Table2[Kategori Produk],'Raw Data'!$F:$F,Table2[[#Headers],[Jakarta]]) -> 17 | G6: =SUMIFS('Raw Data'!$G:$G,'Raw Data'!$E:$E,Table2[Kategori Produk],'Raw Data'!$F:$F,Table2[[#Headers],[Tangerang]]) -> 25 | I6: Printer | J6: =MAX(Table2[[#This Row],[Bandung]:[Tangerang]]) -> 25 | K6: =INDEX(Table2[[#Headers],[Bandung]:[Tangerang]],MATCH(J6,Table2[[#This Row],[Bandung]:[Tangerang]],0)) -> Tangerang | L6: =MIN(Table2[[#This Row],[Bandung]:[Tangerang]]) -> 4 | M6: =INDEX(Table2[[#Headers],[Bandung]:[Tangerang]],MATCH(L6,Table2[[#This Row],[Bandung]:[Tangerang]],0)) -> Bandung
A7: Laptop | B7: =SUMIFS('Raw Data'!$G:$G,'Raw Data'!$E:$E,Table2[Kategori Produk],'Raw Data'!$F:$F,Table2[[#Headers],[Bandung]]) -> 21 | C7: =SUMIFS('Raw Data'!$G:$G,'Raw Data'!$E:$E,Table2[Kategori Produk],'Raw Data'!$F:$F,Table2[[#Headers],[Bekasi]]) -> 2 | D7: =SUMIFS('Raw Data'!$G:$G,'Raw Data'!$E:$E,Table2[Kategori Produk],'Raw Data'!$F:$F,Table2[[#Headers],[Bogor]]) -> 6 | E7: =SUMIFS('Raw Data'!$G:$G,'Raw Data'!$E:$E,Table2[Kategori Produk],'Raw Data'!$F:$F,Table2[[#Headers],[Depok]]) -> 22 | F7: =SUMIFS('Raw Data'!$G:$G,'Raw Data'!$E:$E,Table2[Kategori Produk],'Raw Data'!$F:$F,Table2[[#Headers],[Jakarta]]) -> 8 | G7: =SUMIFS('Raw Data'!$G:$G,'Raw Data'!$E:$E,Table2[Kategori Produk],'Raw Data'!$F:$F,Table2[[#Headers],[Tangerang]]) -> 15 | I7: Laptop | J7: =MAX(Table2[[#This Row],[Bandung]:[Tangerang]]) -> 22 | K7: =INDEX(Table2[[#Headers],[Bandung]:[Tangerang]],MATCH(J7,Table2[[#This Row],[Bandung]:[Tangerang]],0)) -> Depok | L7: =MIN(Table2[[#This Row],[Bandung]:[Tangerang]]) -> 2 | M7: =INDEX(Table2[[#Headers],[Bandung]:[Tangerang]],MATCH(L7,Table2[[#This Row],[Bandung]:[Tangerang]],0)) -> Bekasi
A8: Total | B8: =SUBTOTAL(109,Table2[Bandung]) -> 63 | C8: =SUBTOTAL(109,Table2[Bekasi]) -> 108 | D8: =SUBTOTAL(109,Table2[Bogor]) -> 49 | E8: =SUBTOTAL(109,Table2[Depok]) -> 67 | F8: =SUBTOTAL(109,Table2[Jakarta]) -> 73 | G8: =SUBTOTAL(109,Table2[Tangerang]) -> 78
A14: Kategori Produk | B14: Bandung | C14: Bekasi | D14: Bogor | E14: Depok | F14: Jakarta | G14: Tangerang | H14: Total Penjualan Per Produk
A15: Monitor | B15: =SUMIFS('Raw Data'!$J:$J,'Raw Data'!$E:$E,Table3[Kategori Produk],'Raw Data'!$F:$F,Table3[[#Headers],[Bandung]]) -> 0 | C15: =SUMIFS('Raw Data'!$J:$J,'Raw Data'!$E:$E,Table3[Kategori Produk],'Raw Data'!$F:$F,Table3[[#Headers],[Bekasi]]) -> 99823000 | D15: =SUMIFS('Raw Data'!$J:$J,'Raw Data'!$E:$E,Table3[Kategori Produk],'Raw Data'!$F:$F,Table3[[#Headers],[Bogor]]) -> 25084500 | E15: =SUMIFS('Raw Data'!$J:$J,'Raw Data'!$E:$E,Table3[Kategori Produk],'Raw Data'!$F:$F,Table3[[#Headers],[Depok]]) -> 15361500 | F15: =SUMIFS('Raw Data'!$J:$J,'Raw Data'!$E:$E,Table3[Kategori Produk],'Raw Data'!$F:$F,Table3[[#Headers],[Jakarta]]) -> 63218000 | G15: =SUMIFS('Raw Data'!$J:$J,'Raw Data'!$E:$E,Table3[Kategori Produk],'Raw Data'!$F:$F,Table3[[#Headers],[Tangerang]]) -> 23940000 | H15: =SUM(Table3[[#This Row],[Bandung]:[Tangerang]]) -> 227427000
A16: Tablet | B16: =SUMIFS('Raw Data'!$J:$J,'Raw Data'!$E:$E,Table3[Kategori Produk],'Raw Data'!$F:$F,Table3[[#Headers],[Bandung]]) -> 123247000 | C16: =SUMIFS('Raw Data'!$J:$J,'Raw Data'!$E:$E,Table3[Kategori Produk],'Raw Data'!$F:$F,Table3[[#Headers],[Bekasi]]) -> 72860000 | D16: =SUMIFS('Raw Data'!$J:$J,'Raw Data'!$E:$E,Table3[Kategori Produk],'Raw Data'!$F:$F,Table3[[#Headers],[Bogor]]) -> 55443500 | E16: =SUMIFS('Raw Data'!$J:$J,'Raw Data'!$E:$E,Table3[Kategori Produk],'Raw Data'!$F:$F,Table3[[#Headers],[Depok]]) -> 30020000 | F16: =SUMIFS('Raw Data'!$J:$J,'Raw Data'!$E:$E,Table3[Kategori Produk],'Raw Data'!$F:$F,Table3[[#Headers],[Jakarta]]) -> 59610000 | G16: =SUMIFS('Raw Data'!$J:$J,'Raw Data'!$E:$E,Table3[Kategori Produk],'Raw Data'!$F:$F,Table3[[#Headers],[Tangerang]]) -> 40600000 | H16: =SUM(Table3[[#This Row],[Bandung]:[Tangerang]]) -> 381780500
A17: Accessories | B17: =SUMIFS('Raw Data'!$J:$J,'Raw Data'!$E:$E,Table3[Kategori Produk],'Raw Data'!$F:$F,Table3[[#Headers],[Bandung]]) -> 2776100 | C17: =SUMIFS('Raw Data'!$J:$J,'Raw Data'!$E:$E,Table3[Kategori Produk],'Raw Data'!$F:$F,Table3[[#Headers],[Bekasi]]) -> 9782500 | D17: =SUMIFS('Raw Data'!$J:$J,'Raw Data'!$E:$E,Table3[Kategori Produk],'Raw Data'!$F:$F,Table3[[#Headers],[Bogor]]) -> 2169000 | E17: =SUMIFS('Raw Data'!$J:$J,'Raw Data'!$E:$E,Table3[Kategori Produk],'Raw Data'!$F:$F,Table3[[#Headers],[Depok]]) -> 4794800 | F17: =SUMIFS('Raw Data'!$J:$J,'Raw Data'!$E:$E,Table3[Kategori Produk],'Raw Data'!$F:$F,Table3[[#Headers],[Jakarta]]) -> 5001600 | G17: =SUMIFS('Raw Data'!$J:$J,'Raw Data'!$E:$E,Table3[Kategori Produk],'Raw Data'!$F:$F,Table3[[#Headers],[Tangerang]]) -> 7106500 | H17: =SUM(Table3[[#This Row],[Bandung]:[Tangerang]]) -> 31630500
A18: Printer | B18: =SUMIFS('Raw Data'!$J:$J,'Raw Data'!$E:$E,Table3[Kategori Produk],'Raw Data'!$F:$F,Table3[[#Headers],[Bandung]]) -> 10260000 | C18: =SUMIFS('Raw Data'!$J:$J,'Raw Data'!$E:$E,Table3[Kategori Produk],'Raw Data'!$F:$F,Table3[[#Headers],[Bekasi]]) -> 42579000 | D18: =SUMIFS('Raw Data'!$J:$J,'Raw Data'!$E:$E,Table3[Kategori Produk],'Raw Data'!$F:$F,Table3[[#Headers],[Bogor]]) -> 30721500 | E18: =SUMIFS('Raw Data'!$J:$J,'Raw Data'!$E:$E,Table3[Kategori Produk],'Raw Data'!$F:$F,Table3[[#Headers],[Depok]]) -> 29839500 | F18: =SUMIFS('Raw Data'!$J:$J,'Raw Data'!$E:$E,Table3[Kategori Produk],'Raw Data'!$F:$F,Table3[[#Headers],[Jakarta]]) -> 36801000 | G18: =SUMIFS('Raw Data'!$J:$J,'Raw Data'!$E:$E,Table3[Kategori Produk],'Raw Data'!$F:$F,Table3[[#Headers],[Tangerang]]) -> 61947000 | H18: =SUM(Table3[[#This Row],[Bandung]:[Tangerang]]) -> 212148000
A19: Laptop | B19: =SUMIFS('Raw Data'!$J:$J,'Raw Data'!$E:$E,Table3[Kategori Produk],'Raw Data'!$F:$F,Table3[[#Headers],[Bandung]]) -> 163875000 | C19: =SUMIFS('Raw Data'!$J:$J,'Raw Data'!$E:$E,Table3[Kategori Produk],'Raw Data'!$F:$F,Table3[[#Headers],[Bekasi]]) -> 18952500 | D19: =SUMIFS('Raw Data'!$J:$J,'Raw Data'!$E:$E,Table3[Kategori Produk],'Raw Data'!$F:$F,Table3[[#Headers],[Bogor]]) -> 52197500 | E19: =SUMIFS('Raw Data'!$J:$J,'Raw Data'!$E:$E,Table3[Kategori Produk],'Raw Data'!$F:$F,Table3[[#Headers],[Depok]]) -> 199517500 | F19: =SUMIFS('Raw Data'!$J:$J,'Raw Data'!$E:$E,Table3[Kategori Produk],'Raw Data'!$F:$F,Table3[[#Headers],[Jakarta]]) -> 72200000 | G19: =SUMIFS('Raw Data'!$J:$J,'Raw Data'!$E:$E,Table3[Kategori Produk],'Raw Data'!$F:$F,Table3[[#Headers],[Tangerang]]) -> 133831250 | H19: =SUM(Table3[[#This Row],[Bandung]:[Tangerang]]) -> 640573750
A20: Total | B20: =SUBTOTAL(109,Table3[Bandung]) -> 300158100 | C20: =SUBTOTAL(109,Table3[Bekasi]) -> 243997000 | D20: =SUBTOTAL(109,Table3[Bogor]) -> 165616000 | E20: =SUBTOTAL(109,Table3[Depok]) -> 279533300 | F20: =SUBTOTAL(109,Table3[Jakarta]) -> 236830600 | G20: =SUBTOTAL(109,Table3[Tangerang]) -> 267424750
A23: Bulan | B23: Accessories | C23: Laptop | D23: Monitor | E23: Printer | F23: Tablet
A24: Januari | B24: =SUMIFS('Raw Data'!$J:$J,'Raw Data'!$K:$K,Calculation!$A24,'Raw Data'!$E:$E,Calculation!B$23) -> 4482500 | C24: =SUMIFS('Raw Data'!$J:$J,'Raw Data'!$K:$K,Calculation!$A24,'Raw Data'!$E:$E,Calculation!C$23) -> 0 | D24: =SUMIFS('Raw Data'!$J:$J,'Raw Data'!$K:$K,Calculation!$A24,'Raw Data'!$E:$E,Calculation!D$23) -> 40848000 | E24: =SUMIFS('Raw Data'!$J:$J,'Raw Data'!$K:$K,Calculation!$A24,'Raw Data'!$E:$E,Calculation!E$23) -> 14305500 | F24: =SUMIFS('Raw Data'!$J:$J,'Raw Data'!$K:$K,Calculation!$A24,'Raw Data'!$E:$E,Calculation!F$23) -> 4683500
A25: Februari | B25: =SUMIFS('Raw Data'!$J:$J,'Raw Data'!$K:$K,Calculation!$A25,'Raw Data'!$E:$E,Calculation!B$23) -> 4232500 | C25: =SUMIFS('Raw Data'!$J:$J,'Raw Data'!$K:$K,Calculation!$A25,'Raw Data'!$E:$E,Calculation!C$23) -> 77615000 | D25: =SUMIFS('Raw Data'!$J:$J,'Raw Data'!$K:$K,Calculation!$A25,'Raw Data'!$E:$E,Calculation!D$23) -> 31775000 | E25: =SUMIFS('Raw Data'!$J:$J,'Raw Data'!$K:$K,Calculation!$A25,'Raw Data'!$E:$E,Calculation!E$23) -> 6885000 | F25: =SUMIFS('Raw Data'!$J:$J,'Raw Data'!$K:$K,Calculation!$A25,'Raw Data'!$E:$E,Calculation!F$23) -> 57510000
A26: Maret | B26: =SUMIFS('Raw Data'!$J:$J,'Raw Data'!$K:$K,Calculation!$A26,'Raw Data'!$E:$E,Calculation!B$23) -> 4161000 | C26: =SUMIFS('Raw Data'!$J:$J,'Raw Data'!$K:$K,Calculation!$A26,'Raw Data'!$E:$E,Calculation!C$23) -> 115181250 | D26: =SUMIFS('Raw Data'!$J:$J,'Raw Data'!$K:$K,Calculation!$A26,'Raw Data'!$E:$E,Calculation!D$23) -> 10473750 | E26: =SUMIFS('Raw Data'!$J:$J,'Raw Data'!$K:$K,Calculation!$A26,'Raw Data'!$E:$E,Calculation!E$23) -> 28971000 | F26: =SUMIFS('Raw Data'!$J:$J,'Raw Data'!$K:$K,Calculation!$A26,'Raw Data'!$E:$E,Calculation!F$23) -> 45360000
A27: April | B27: =SUMIFS('Raw Data'!$J:$J,'Raw Data'!$K:$K,Calculation!$A27,'Raw Data'!$E:$E,Calculation!B$23) -> 856000 | C27: =SUMIFS('Raw Data'!$J:$J,'Raw Data'!$K:$K,Calculation!$A27,'Raw Data'!$E:$E,Calculation!C$23) -> 93765000 | D27: =SUMIFS('Raw Data'!$J:$J,'Raw Data'!$K:$K,Calculation!$A27,'Raw Data'!$E:$E,Calculation!D$23) -> 40597000 | E27: =SUMIFS('Raw Data'!$J:$J,'Raw Data'!$K:$K,Calculation!$A27,'Raw Data'!$E:$E,Calculation!E$23) -> 22572000 | F27: =SUMIFS('Raw Data'!$J:$J,'Raw Data'!$K:$K,Calculation!$A27,'Raw Data'!$E:$E,Calculation!F$23) -> 22040000
A28: Mei | B28: =SUMIFS('Raw Data'!$J:$J,'Raw Data'!$K:$K,Calculation!$A28,'Raw Data'!$E:$E,Calculation!B$23) -> 0 | C28: =SUMIFS('Raw Data'!$J:$J,'Raw Data'!$K:$K,Calculation!$A28,'Raw Data'!$E:$E,Calculation!C$23) -> 155325000 | D28: =SUMIFS('Raw Data'!$J:$J,'Raw Data'!$K:$K,Calculation!$A28,'Raw Data'!$E:$E,Calculation!D$23) -> 32161500 | E28: =SUMIFS('Raw Data'!$J:$J,'Raw Data'!$K:$K,Calculation!$A28,'Raw Data'!$E:$E,Calculation!E$23) -> 62559000 | F28: =SUMIFS('Raw Data'!$J:$J,'Raw Data'!$K:$K,Calculation!$A28,'Raw Data'!$E:$E,Calculation!F$23) -> 62640000
A29: Juni | B29: =SUMIFS('Raw Data'!$J:$J,'Raw Data'!$K:$K,Calculation!$A29,'Raw Data'!$E:$E,Calculation!B$23) -> 6219200 | C29: =SUMIFS('Raw Data'!$J:$J,'Raw Data'!$K:$K,Calculation!$A29,'Raw Data'!$E:$E,Calculation!C$23) -> 29350000 | D29: =SUMIFS('Raw Data'!$J:$J,'Raw Data'!$K:$K,Calculation!$A29,'Raw Data'!$E:$E,Calculation!D$23) -> 5985000 | E29: =SUMIFS('Raw Data'!$J:$J,'Raw Data'!$K:$K,Calculation!$A29,'Raw Data'!$E:$E,Calculation!E$23) -> 27445500 | F29: =SUMIFS('Raw Data'!$J:$J,'Raw Data'!$K:$K,Calculation!$A29,'Raw Data'!$E:$E,Calculation!F$23) -> 63607000
A30: Juli | B30: =SUMIFS('Raw Data'!$J:$J,'Raw Data'!$K:$K,Calculation!$A30,'Raw Data'!$E:$E,Calculation!B$23) -> 4545450 | C30: =SUMIFS('Raw Data'!$J:$J,'Raw Data'!$K:$K,Calculation!$A30,'Raw Data'!$E:$E,Calculation!C$23) -> 76712500 | D30: =SUMIFS('Raw Data'!$J:$J,'Raw Data'!$K:$K,Calculation!$A30,'Raw Data'!$E:$E,Calculation!D$23) -> 5985000 | E30: =SUMIFS('Raw Data'!$J:$J,'Raw Data'!$K:$K,Calculation!$A30,'Raw Data'!$E:$E,Calculation!E$23) -> 5130000 | F30: =SUMIFS('Raw Data'!$J:$J,'Raw Data'!$K:$K,Calculation!$A30,'Raw Data'!$E:$E,Calculation!F$23) -> 17640000
A31: Agustus | B31: =SUMIFS('Raw Data'!$J:$J,'Raw Data'!$K:$K,Calculation!$A31,'Raw Data'!$E:$E,Calculation!B$23) -> 5558850 | C31: =SUMIFS('Raw Data'!$J:$J,'Raw Data'!$K:$K,Calculation!$A31,'Raw Data'!$E:$E,Calculation!C$23) -> 19475000 | D31: =SUMIFS('Raw Data'!$J:$J,'Raw Data'!$K:$K,Calculation!$A31,'Raw Data'!$E:$E,Calculation!D$23) -> 59601750 | E31: =SUMIFS('Raw Data'!$J:$J,'Raw Data'!$K:$K,Calculation!$A31,'Raw Data'!$E:$E,Calculation!E$23) -> 17100000 | F31: =SUMIFS('Raw Data'!$J:$J,'Raw Data'!$K:$K,Calculation!$A31,'Raw Data'!$E:$E,Calculation!F$23) -> 68400000
A32: September | B32: =SUMIFS('Raw Data'!$J:$J,'Raw Data'!$K:$K,Calculation!$A32,'Raw Data'!$E:$E,Calculation!B$23) -> 1575000 | C32: =SUMIFS('Raw Data'!$J:$J,'Raw Data'!$K:$K,Calculation!$A32,'Raw Data'!$E:$E,Calculation!C$23) -> 73150000 | D32: =SUMIFS('Raw Data'!$J:$J,'Raw Data'!$K:$K,Calculation!$A32,'Raw Data'!$E:$E,Calculation!D$23) -> 0 | E32: =SUMIFS('Raw Data'!$J:$J,'Raw Data'!$K:$K,Calculation!$A32,'Raw Data'!$E:$E,Calculation!E$23) -> 27180000 | F32: =SUMIFS('Raw Data'!$J:$J,'Raw Data'!$K:$K,Calculation!$A32,'Raw Data'!$E:$E,Calculation!F$23) -> 39900000

Sheet Raw Data
A1: No | B1: Tanggal | C1: Nama Sales | D1: Produk | E1: Kategori | F1: Kota | G1: Qty | H1: Harga | I1: Diskon | J1: Total | K1: Bulan
A2: 1 | B2: 46080 | C2: Andi | D2: Monitor 24 | E2: Monitor | F2: Bekasi | G2: 4 | H2: 2100000 | I2: 0.15 | J2: =G2*H2*(1-I2) -> 7140000 | K2: =VLOOKUP(MONTH(B2),Master!G:H,2,0) -> Februari
A3: 2 | B3: 46075 | C3: Fajar | D3: Tablet T1 | E3: Tablet | F3: Jakarta | G3: 7 | H3: 3990000 | I3: 0 | J3: =G3*H3*(1-I3) -> 27930000 | K3: =VLOOKUP(MONTH(B3),Master!G:H,2,0) -> Februari | O3: Helper Column
A4: 3 | B4: 46070 | C4: Budi | D4: Keyboard K1 | E4: Accessories | F4: Bogor | G4: 1 | H4: 495000 | I4: 0 | J4: =G4*H4*(1-I4) -> 495000 | K4: =VLOOKUP(MONTH(B4),Master!G:H,2,0) -> Februari
A5: 4 | B5: 46237 | C5: Budi | D5: Printer P2 | E5: Printer | F5: Bogor | G5: 5 | H5: 2565000 | I5: 0 | J5: =G5*H5*(1-I5) -> 12825000 | K5: =VLOOKUP(MONTH(B5),Master!G:H,2,0) -> Agustus
A6: 5 | B6: 46239 | C6: Citra | D6: Monitor 24 | E6: Monitor | F6: Bekasi | G6: 4 | H6: 2100000 | I6: 0 | J6: =G6*H6*(1-I6) -> 8400000 | K6: =VLOOKUP(MONTH(B6),Master!G:H,2,0) -> Agustus
A7: 6 | B7: 46070 | C7: Deni | D7: Laptop B | E7: Laptop | F7: Depok | G7: 6 | H7: 10450000 | I7: 0.05 | J7: =G7*H7*(1-I7) -> 59565000 | K7: =VLOOKUP(MONTH(B7),Master!G:H,2,0) -> Februari
A8: 7 | B8: 46045 | C8: Fajar | D8: Printer P2 | E8: Printer | F8: Bogor | G8: 2 | H8: 2835000 | I8: 0 | J8: =G8*H8*(1-I8) -> 5670000 | K8: =VLOOKUP(MONTH(B8),Master!G:H,2,0) -> Januari
A9: 8 | B9: 46173 | C9: Fajar | D9: Tablet T2 | E9: Tablet | F9: Depok | G9: 4 | H9: 5510000 | I9: 0 | J9: =G9*H9*(1-I9) -> 22040000 | K9: =VLOOKUP(MONTH(B9),Master!G:H,2,0) -> Mei
A10: 9 | B10: 46139 | C10: Citra | D10: Laptop B | E10: Laptop | F10: Bekasi | G10: 2 | H10: 9975000 | I10: 0.05 | J10: =G10*H10*(1-I10) -> 18952500 | K10: =VLOOKUP(MONTH(B10),Master!G:H,2,0) -> April
A11: 10 | B11: 46255 | C11: Fajar | D11: Monitor 27 | E11: Monitor | F11: Bekasi | G11: 6 | H11: 3200000 | I11: 0 | J11: =G11*H11*(1-I11) -> 19200000 | K11: =VLOOKUP(MONTH(B11),Master!G:H,2,0) -> Agustus
A12: 11 | B12: 46159 | C12: Fajar | D12: Laptop B | E12: Laptop | F12: Bogor | G12: 3 | H12: 10450000 | I12: 0.15 | J12: =G12*H12*(1-I12) -> 26647500 | K12: =VLOOKUP(MONTH(B12),Master!G:H,2,0) -> Mei
A13: 12 | B13: 46148 | C13: Budi | D13: Printer P2 | E13: Printer | F13: Tangerang | G13: 5 | H13: 2970000 | I13: 0 | J13: =G13*H13*(1-I13) -> 14850000 | K13: =VLOOKUP(MONTH(B13),Master!G:H,2,0) -> Mei
A14: 13 | B14: 46189 | C14: Andi | D14: Keyboard K1 | E14: Accessories | F14: Jakarta | G14: 6 | H14: 472000 | I14: 0.05 | J14: =G14*H14*(1-I14) -> 2690400 | K14: =VLOOKUP(MONTH(B14),Master!G:H,2,0) -> Juni
A15: 14 | B15: 46056 | C15: Budi | D15: Tablet T2 | E15: Tablet | F15: Bandung | G15: 6 | H15: 5800000 | I15: 0.15 | J15: =G15*H15*(1-I15) -> 29580000 | K15: =VLOOKUP(MONTH(B15),Master!G:H,2,0) -> Februari
... A101: 100 | B101: 46273 | C101: Andi | D101: Printer P1 | E101: Printer | F101: Depok | G101: 8 | H101: 1800000 | I101: 0.05 | J101: =G101*H101*(1-I101) -> 13680000 | K101: =VLOOKUP(MONTH(B101),Master!G:H,2,0) -> September
